{
  "require_version" : "5.12",
  "directory": [],
  "sql_file": "",
  "libraries": [],
  "files": [
    {
        "root_directory" : "update/update_5.13/application/controllers/Admin.php",
        "update_directory" : "application/controllers/Admin.php"
    },
    {
        "root_directory" : "update/update_5.13/application/controllers/Api.php",
        "update_directory" : "application/controllers/Api.php"
    },
    {
        "root_directory" : "update/update_5.13/application/controllers/Payment.php",
        "update_directory" : "application/controllers/Payment.php"
    },
    {
        "root_directory" : "update/update_5.13/application/controllers/User.php",
        "update_directory" : "application/controllers/User.php"
    },
    {
        "root_directory" : "update/update_5.13/application/helpers/common_helper.php",
        "update_directory" : "application/helpers/common_helper.php"
    },
    {
        "root_directory" : "update/update_5.13/application/models/Payment_model.php",
        "update_directory" : "application/models/Payment_model.php"
    },
    {
        "root_directory" : "update/update_5.13/application/views/backend/admin/instructors.php",
        "update_directory" : "application/views/backend/admin/instructors.php"
    },
    {
        "root_directory" : "update/update_5.13/application/views/backend/admin/navigation.php",
        "update_directory" : "application/views/backend/admin/navigation.php"
    },
    {
        "root_directory" : "update/update_5.13/application/views/backend/admin/payment_settings.php",
        "update_directory" : "application/views/backend/admin/payment_settings.php"
    },
    {
        "root_directory" : "update/update_5.13/application/views/backend/header.php",
        "update_directory" : "application/views/backend/header.php"
    },
    {
        "root_directory" : "update/update_5.13/application/views/backend/modal.php",
        "update_directory" : "application/views/backend/modal.php"
    },
    {
        "root_directory" : "update/update_5.13/application/views/frontend/default/shopping_cart_inner_view.php",
        "update_directory" : "application/views/frontend/default/shopping_cart_inner_view.php"
    },
    {
        "root_directory" : "update/update_5.13/application/views/payment-global/payment_gateway.php",
        "update_directory" : "application/views/payment-global/payment_gateway.php"
    },
    {
        "root_directory" : "update/update_5.13/assets/backend/css/main.css",
        "update_directory" : "assets/backend/css/main.css"
    }
  ]
}