{
  "require_version" : "5.7",
  "directory": [
    {
        "name" : "assets/lessons/flipclock-timer"
    },
    {
        "name" : "assets/global/jquery-form"
    }
  ],
  "sql_file": "",
  "libraries": [],
  "files": [
    {
        "root_directory" : "update/update_5.8/application/config/config.php",
        "update_directory" : "application/config/config.php"
    },
    {
        "root_directory" : "update/update_5.8/application/config/routes.php",
        "update_directory" : "application/config/routes.php"
    },
    {
        "root_directory" : "update/update_5.8/application/controllers/Admin.php",
        "update_directory" : "application/controllers/Admin.php"
    },
    {
        "root_directory" : "update/update_5.8/application/controllers/Api.php",
        "update_directory" : "application/controllers/Api.php"
    },
    {
        "root_directory" : "update/update_5.8/application/controllers/Blog.php",
        "update_directory" : "application/controllers/Blog.php"
    },
    {
        "root_directory" : "update/update_5.8/application/controllers/Home.php",
        "update_directory" : "application/controllers/Home.php"
    },
    {
        "root_directory" : "update/update_5.8/application/controllers/Login.php",
        "update_directory" : "application/controllers/Login.php"
    },
    {
        "root_directory" : "update/update_5.8/application/controllers/Updater.php",
        "update_directory" : "application/controllers/Updater.php"
    },
    {
        "root_directory" : "update/update_5.8/application/controllers/User.php",
        "update_directory" : "application/controllers/User.php"
    },
    {
        "root_directory" : "update/update_5.8/application/controllers/Page.php",
        "update_directory" : "application/controllers/Page.php"
    },
    {
        "root_directory" : "update/update_5.8/application/helpers/common_helper.php",
        "update_directory" : "application/helpers/common_helper.php"
    },
    {
        "root_directory" : "update/update_5.8/application/models/Crud_model.php",
        "update_directory" : "application/models/Crud_model.php"
    },
    {
        "root_directory" : "update/update_5.8/application/models/Email_model.php",
        "update_directory" : "application/models/Email_model.php"
    },
    {
        "root_directory" : "update/update_5.8/application/models/Social_login_modal.php",
        "update_directory" : "application/models/Social_login_modal.php"
    },
    {
        "root_directory" : "update/update_5.8/application/models/User_model.php",
        "update_directory" : "application/models/User_model.php"
    },
    {
        "root_directory" : "update/update_5.8/application/views/backend/admin/about.php",
        "update_directory" : "application/views/backend/admin/about.php"
    },
    {
        "root_directory" : "update/update_5.8/application/views/backend/admin/addons.php",
        "update_directory" : "application/views/backend/admin/addons.php"
    },
    {
        "root_directory" : "update/update_5.8/application/views/backend/admin/admin_add.php",
        "update_directory" : "application/views/backend/admin/admin_add.php"
    },
    {
        "root_directory" : "update/update_5.8/application/views/backend/admin/admin_edit.php",
        "update_directory" : "application/views/backend/admin/admin_edit.php"
    },
    {
        "root_directory" : "update/update_5.8/application/views/backend/admin/application_list.php",
        "update_directory" : "application/views/backend/admin/application_list.php"
    },
    {
        "root_directory" : "update/update_5.8/application/views/backend/admin/blog_category.php",
        "update_directory" : "application/views/backend/admin/blog_category.php"
    },
    {
        "root_directory" : "update/update_5.8/application/views/backend/admin/categories.php",
        "update_directory" : "application/views/backend/admin/categories.php"
    },
    {
        "root_directory" : "update/update_5.8/application/views/backend/admin/course_add.php",
        "update_directory" : "application/views/backend/admin/course_add.php"
    },
    {
        "root_directory" : "update/update_5.8/application/views/backend/admin/course_edit.php",
        "update_directory" : "application/views/backend/admin/course_edit.php"
    },
    {
        "root_directory" : "update/update_5.8/application/views/backend/admin/curriculum.php",
        "update_directory" : "application/views/backend/admin/curriculum.php"
    },
    {
        "root_directory" : "update/update_5.8/application/views/backend/admin/drip_content_settings.php",
        "update_directory" : "application/views/backend/admin/drip_content_settings.php"
    },
    {
        "root_directory" : "update/update_5.8/application/views/backend/admin/instructor_add.php",
        "update_directory" : "application/views/backend/admin/instructor_add.php"
    },
    {
        "root_directory" : "update/update_5.8/application/views/backend/admin/instructor_edit.php",
        "update_directory" : "application/views/backend/admin/instructor_edit.php"
    },
    {
        "root_directory" : "update/update_5.8/application/views/backend/admin/lesson_add.php",
        "update_directory" : "application/views/backend/admin/lesson_add.php"
    },
    {
        "root_directory" : "update/update_5.8/application/views/backend/admin/lesson_edit.php",
        "update_directory" : "application/views/backend/admin/lesson_edit.php"
    },
    {
        "root_directory" : "update/update_5.8/application/views/backend/admin/manage_language.php",
        "update_directory" : "application/views/backend/admin/manage_language.php"
    },
    {
        "root_directory" : "update/update_5.8/application/views/backend/admin/navigation.php",
        "update_directory" : "application/views/backend/admin/navigation.php"
    },
    {
        "root_directory" : "update/update_5.8/application/views/backend/admin/question_add.php",
        "update_directory" : "application/views/backend/admin/question_add.php"
    },
    {
        "root_directory" : "update/update_5.8/application/views/backend/admin/question_edit.php",
        "update_directory" : "application/views/backend/admin/question_edit.php"
    },
    {
        "root_directory" : "update/update_5.8/application/views/backend/admin/quiz_add.php",
        "update_directory" : "application/views/backend/admin/quiz_add.php"
    },
    {
        "root_directory" : "update/update_5.8/application/views/backend/admin/quiz_edit.php",
        "update_directory" : "application/views/backend/admin/quiz_edit.php"
    },
    {
        "root_directory" : "update/update_5.8/application/views/backend/admin/quiz_questions.php",
        "update_directory" : "application/views/backend/admin/quiz_questions.php"
    },
    {
        "root_directory" : "update/update_5.8/application/views/backend/admin/smtp_settings.php",
        "update_directory" : "application/views/backend/admin/smtp_settings.php"
    },
    {
        "root_directory" : "update/update_5.8/application/views/backend/admin/system_settings.php",
        "update_directory" : "application/views/backend/admin/system_settings.php"
    },
    {
        "root_directory" : "update/update_5.8/application/views/backend/admin/theme_settings.php",
        "update_directory" : "application/views/backend/admin/theme_settings.php"
    },
    {
        "root_directory" : "update/update_5.8/application/views/backend/admin/user_add.php",
        "update_directory" : "application/views/backend/admin/user_add.php"
    },
    {
        "root_directory" : "update/update_5.8/application/views/backend/admin/user_edit.php",
        "update_directory" : "application/views/backend/admin/user_edit.php"
    },
    {
        "root_directory" : "update/update_5.8/application/views/backend/admin/add_custom_page.php",
        "update_directory" : "application/views/backend/admin/add_custom_page.php"
    },
    {
        "root_directory" : "update/update_5.8/application/views/backend/admin/custom_page.php",
        "update_directory" : "application/views/backend/admin/custom_page.php"
    },
    {
        "root_directory" : "update/update_5.8/application/views/backend/admin/edit_custom_page.php",
        "update_directory" : "application/views/backend/admin/edit_custom_page.php"
    },
    {
        "root_directory" : "update/update_5.8/application/views/backend/admin/quiz_fields_type_wize.php",
        "update_directory" : "application/views/backend/admin/quiz_fields_type_wize.php"
    },
    {
        "root_directory" : "update/update_5.8/application/views/backend/common_scripts.php",
        "update_directory" : "application/views/backend/common_scripts.php"
    },
    {
        "root_directory" : "update/update_5.8/application/views/backend/includes_bottom.php",
        "update_directory" : "application/views/backend/includes_bottom.php"
    },
    {
        "root_directory" : "update/update_5.8/application/views/backend/user/application_list.php",
        "update_directory" : "application/views/backend/user/application_list.php"
    },
    {
        "root_directory" : "update/update_5.8/application/views/backend/user/course_add.php",
        "update_directory" : "application/views/backend/user/course_add.php"
    },
    {
        "root_directory" : "update/update_5.8/application/views/backend/user/course_edit.php",
        "update_directory" : "application/views/backend/user/course_edit.php"
    },
    {
        "root_directory" : "update/update_5.8/application/views/backend/user/curriculum.php",
        "update_directory" : "application/views/backend/user/curriculum.php"
    },
    {
        "root_directory" : "update/update_5.8/application/views/backend/user/lesson_add.php",
        "update_directory" : "application/views/backend/user/lesson_add.php"
    },
    {
        "root_directory" : "update/update_5.8/application/views/backend/user/lesson_edit.php",
        "update_directory" : "application/views/backend/user/lesson_edit.php"
    },
    {
        "root_directory" : "update/update_5.8/application/views/backend/user/question_add.php",
        "update_directory" : "application/views/backend/user/question_add.php"
    },
    {
        "root_directory" : "update/update_5.8/application/views/backend/user/question_edit.php",
        "update_directory" : "application/views/backend/user/question_edit.php"
    },
    {
        "root_directory" : "update/update_5.8/application/views/backend/user/quiz_add.php",
        "update_directory" : "application/views/backend/user/quiz_add.php"
    },
    {
        "root_directory" : "update/update_5.8/application/views/backend/user/quiz_edit.php",
        "update_directory" : "application/views/backend/user/quiz_edit.php"
    },
    {
        "root_directory" : "update/update_5.8/application/views/backend/user/quiz_questions.php",
        "update_directory" : "application/views/backend/user/quiz_questions.php"
    },
    {
        "root_directory" : "update/update_5.8/application/views/backend/user/quiz_fields_type_wize.php",
        "update_directory" : "application/views/backend/user/quiz_fields_type_wize.php"
    },
    {
        "root_directory" : "update/update_5.8/application/views/frontend/default/compare.php",
        "update_directory" : "application/views/frontend/default/compare.php"
    },
    {
        "root_directory" : "update/update_5.8/application/views/frontend/default/footer.php",
        "update_directory" : "application/views/frontend/default/footer.php"
    },
    {
        "root_directory" : "update/update_5.8/application/views/frontend/default/includes_top.php",
        "update_directory" : "application/views/frontend/default/includes_top.php"
    },
    {
        "root_directory" : "update/update_5.8/application/views/frontend/default/logged_in_header.php",
        "update_directory" : "application/views/frontend/default/logged_in_header.php"
    },
    {
        "root_directory" : "update/update_5.8/application/views/frontend/default/logged_out_header.php",
        "update_directory" : "application/views/frontend/default/logged_out_header.php"
    },
    {
        "root_directory" : "update/update_5.8/application/views/frontend/default/menu.php",
        "update_directory" : "application/views/frontend/default/menu.php"
    },
    {
        "root_directory" : "update/update_5.8/application/views/frontend/default/purchase_history.php",
        "update_directory" : "application/views/frontend/default/purchase_history.php"
    },
    {
        "root_directory" : "update/update_5.8/application/views/frontend/default/reload_my_courses.php",
        "update_directory" : "application/views/frontend/default/reload_my_courses.php"
    },
    {
        "root_directory" : "update/update_5.8/application/views/frontend/default/custom_page_viewer.php",
        "update_directory" : "application/views/frontend/default/custom_page_viewer.php"
    },
    {
        "root_directory" : "update/update_5.8/application/views/frontend/default/new_login_confirmation.php",
        "update_directory" : "application/views/frontend/default/new_login_confirmation.php"
    },
    {
        "root_directory" : "update/update_5.8/application/views/lessons/general_course_content_body.php",
        "update_directory" : "application/views/lessons/general_course_content_body.php"
    },
    {
        "root_directory" : "update/update_5.8/application/views/lessons/quiz_answer_sheet.php",
        "update_directory" : "application/views/lessons/quiz_answer_sheet.php"
    },
    {
        "root_directory" : "update/update_5.8/application/views/lessons/quiz_result.php",
        "update_directory" : "application/views/lessons/quiz_result.php"
    },
    {
        "root_directory" : "update/update_5.8/application/views/lessons/quiz_view.php",
        "update_directory" : "application/views/lessons/quiz_view.php"
    },
    {
        "root_directory" : "update/update_5.8/application/views/mobile/quiz_result.php",
        "update_directory" : "application/views/mobile/quiz_result.php"
    },
    {
        "root_directory" : "update/update_5.8/assets/backend/css/main.css",
        "update_directory" : "assets/backend/css/main.css"
    },
    {
        "root_directory" : "update/update_5.8/assets/backend/js/custom.js",
        "update_directory" : "assets/backend/js/custom.js"
    },
    {
        "root_directory" : "update/update_5.8/assets/backend/js/font-awesome-icon-picker/fontawesome-four-iconpicker.min.js",
        "update_directory" : "assets/backend/js/font-awesome-icon-picker/fontawesome-four-iconpicker.min.js"
    },
    {
        "root_directory" : "update/update_5.8/assets/backend/js/font-awesome-icon-picker/fontawesome-iconpicker.min.js",
        "update_directory" : "assets/backend/js/font-awesome-icon-picker/fontawesome-iconpicker.min.js"
    },
    {
        "root_directory" : "update/update_5.8/assets/frontend/default/css/custom.css",
        "update_directory" : "assets/frontend/default/css/custom.css"
    },
    {
        "root_directory" : "update/update_5.8/assets/frontend/default/css/main.css",
        "update_directory" : "assets/frontend/default/css/main.css"
    },
    {
        "root_directory" : "update/update_5.8/assets/frontend/default/css/responsive.css",
        "update_directory" : "assets/frontend/default/css/responsive.css"
    },
    {
        "root_directory" : "update/update_5.8/assets/frontend/default/js/main.js",
        "update_directory" : "assets/frontend/default/js/main.js"
    },
    {
        "root_directory" : "update/update_5.8/assets/global/jquery-form/jquery.form.min.js",
        "update_directory" : "assets/global/jquery-form/jquery.form.min.js"
    },
    {
        "root_directory" : "update/update_5.8/assets/global/jquery-form/jquery.form.min.js.map",
        "update_directory" : "assets/global/jquery-form/jquery.form.min.js.map"
    },
    {
        "root_directory" : "update/update_5.8/assets/lessons/css/custom.css",
        "update_directory" : "assets/lessons/css/custom.css"
    },
    {
        "root_directory" : "update/update_5.8/assets/lessons/flipclock-timer/flipclock.css",
        "update_directory" : "assets/lessons/flipclock-timer/flipclock.css"
    },
    {
        "root_directory" : "update/update_5.8/assets/lessons/flipclock-timer/flipclock.min.js",
        "update_directory" : "assets/lessons/flipclock-timer/flipclock.min.js"
    },
    {
        "root_directory" : "update/update_5.8/application/views/backend/admin/DB_query_builder.php",
        "update_directory" : "system/database/DB_query_builder.php"
    },
    {
        "root_directory" : "update/update_5.8/application/views/backend/admin/Session.php",
        "update_directory" : "system/libraries/Session/Session.php"
    }
  ]
}