{
  "require_version" : "5.9",
  "directory": [
    {
        "name" : "uploads/thumbnails/course_thumbnails/optimized"
    },
    {
        "name" : "uploads/user_image/optimized"
    }
  ],
  "sql_file": "",
  "libraries": [],
  "files": [
    {
        "root_directory" : "update/update_5.9.1/application/config/config.php",
        "update_directory" : "application/config/config.php"
    },
    {
        "root_directory" : "update/update_5.9.1/application/controllers/Api.php",
        "update_directory" : "application/controllers/Api.php"
    },
    {
        "root_directory" : "update/update_5.9.1/application/controllers/Home.php",
        "update_directory" : "application/controllers/Home.php"
    },
    {
        "root_directory" : "update/update_5.9.1/application/controllers/Login.php",
        "update_directory" : "application/controllers/Login.php"
    },
    {
        "root_directory" : "update/update_5.9.1/application/controllers/Sign_up.php",
        "update_directory" : "application/controllers/Sign_up.php"
    },
    {
        "root_directory" : "update/update_5.9.1/application/controllers/Updater.php",
        "update_directory" : "application/controllers/Updater.php"
    },
    {
        "root_directory" : "update/update_5.9.1/application/helpers/addon_helper.php",
        "update_directory" : "application/helpers/addon_helper.php"
    },
    {
        "root_directory" : "update/update_5.9.1/application/helpers/common_helper.php",
        "update_directory" : "application/helpers/common_helper.php"
    },
    {
        "root_directory" : "update/update_5.9.1/application/models/Api_model.php",
        "update_directory" : "application/models/Api_model.php"
    },
    {
        "root_directory" : "update/update_5.9.1/application/models/Crud_model.php",
        "update_directory" : "application/models/Crud_model.php"
    },
    {
        "root_directory" : "update/update_5.9.1/application/models/Social_login_modal.php",
        "update_directory" : "application/models/Social_login_modal.php"
    },
    {
        "root_directory" : "update/update_5.9.1/application/models/User_model.php",
        "update_directory" : "application/models/User_model.php"
    },
    {
        "root_directory" : "update/update_5.9.1/application/views/backend/admin/addons.php",
        "update_directory" : "application/views/backend/admin/addons.php"
    },
    {
        "root_directory" : "update/update_5.9.1/application/views/backend/admin/instructor_payout.php",
        "update_directory" : "application/views/backend/admin/instructor_payout.php"
    },
    {
        "root_directory" : "update/update_5.9.1/application/views/backend/admin/navigation.php",
        "update_directory" : "application/views/backend/admin/navigation.php"
    },
    {
        "root_directory" : "update/update_5.9.1/application/views/backend/admin/payment_settings.php",
        "update_directory" : "application/views/backend/admin/payment_settings.php"
    },
    {
        "root_directory" : "update/update_5.9.1/application/views/backend/admin/smtp_settings.php",
        "update_directory" : "application/views/backend/admin/smtp_settings.php"
    },
    {
        "root_directory" : "update/update_5.9.1/application/views/backend/user/payment_settings.php",
        "update_directory" : "application/views/backend/user/payment_settings.php"
    },
    {
        "root_directory" : "update/update_5.9.1/application/views/frontend/default/category_wise_course_grid_layout.php",
        "update_directory" : "application/views/frontend/default/category_wise_course_grid_layout.php"
    },
    {
        "root_directory" : "update/update_5.9.1/application/views/frontend/default/category_wise_course_list_layout.php",
        "update_directory" : "application/views/frontend/default/category_wise_course_list_layout.php"
    },
    {
        "root_directory" : "update/update_5.9.1/application/views/frontend/default/change_password_from_forgot_password.php",
        "update_directory" : "application/views/frontend/default/change_password_from_forgot_password.php"
    },
    {
        "root_directory" : "update/update_5.9.1/application/views/frontend/default/compare.php",
        "update_directory" : "application/views/frontend/default/compare.php"
    },
    {
        "root_directory" : "update/update_5.9.1/application/views/frontend/default/course_page.php",
        "update_directory" : "application/views/frontend/default/course_page.php"
    },
    {
        "root_directory" : "update/update_5.9.1/application/views/frontend/default/courses_page.php",
        "update_directory" : "application/views/frontend/default/courses_page.php"
    },
    {
        "root_directory" : "update/update_5.9.1/application/views/frontend/default/footer.php",
        "update_directory" : "application/views/frontend/default/footer.php"
    },
    {
        "root_directory" : "update/update_5.9.1/application/views/frontend/default/forgot_password.php",
        "update_directory" : "application/views/frontend/default/forgot_password.php"
    },
    {
        "root_directory" : "update/update_5.9.1/application/views/frontend/default/home.php",
        "update_directory" : "application/views/frontend/default/home.php"
    },
    {
        "root_directory" : "update/update_5.9.1/application/views/frontend/default/index.php",
        "update_directory" : "application/views/frontend/default/index.php"
    },
    {
        "root_directory" : "update/update_5.9.1/application/views/frontend/default/instructor_page.php",
        "update_directory" : "application/views/frontend/default/instructor_page.php"
    },
    {
        "root_directory" : "update/update_5.9.1/application/views/frontend/default/logged_in_header.php",
        "update_directory" : "application/views/frontend/default/logged_in_header.php"
    },
    {
        "root_directory" : "update/update_5.9.1/application/views/frontend/default/logged_out_header.php",
        "update_directory" : "application/views/frontend/default/logged_out_header.php"
    },
    {
        "root_directory" : "update/update_5.9.1/application/views/frontend/default/login.php",
        "update_directory" : "application/views/frontend/default/login.php"
    },
    {
        "root_directory" : "update/update_5.9.1/application/views/frontend/default/menu.php",
        "update_directory" : "application/views/frontend/default/menu.php"
    },
    {
        "root_directory" : "update/update_5.9.1/application/views/frontend/default/modal.php",
        "update_directory" : "application/views/frontend/default/modal.php"
    },
    {
        "root_directory" : "update/update_5.9.1/application/views/frontend/default/Session.php",
        "update_directory" : "system/libraries/Session/Session.php"
    },
    {
        "root_directory" : "update/update_5.9.1/application/views/frontend/default/my_courses.php",
        "update_directory" : "application/views/frontend/default/my_courses.php"
    },
    {
        "root_directory" : "update/update_5.9.1/application/views/frontend/default/my_messages.php",
        "update_directory" : "application/views/frontend/default/my_messages.php"
    },
    {
        "root_directory" : "update/update_5.9.1/application/views/frontend/default/my_wishlist.php",
        "update_directory" : "application/views/frontend/default/my_wishlist.php"
    },
    {
        "root_directory" : "update/update_5.9.1/application/views/frontend/default/new_login_confirmation.php",
        "update_directory" : "application/views/frontend/default/new_login_confirmation.php"
    },
    {
        "root_directory" : "update/update_5.9.1/application/views/frontend/default/purchase_history.php",
        "update_directory" : "application/views/frontend/default/purchase_history.php"
    },
    {
        "root_directory" : "update/update_5.9.1/application/views/frontend/default/reload_my_courses.php",
        "update_directory" : "application/views/frontend/default/reload_my_courses.php"
    },
    {
        "root_directory" : "update/update_5.9.1/application/views/frontend/default/reload_my_wishlists.php",
        "update_directory" : "application/views/frontend/default/reload_my_wishlists.php"
    },
    {
        "root_directory" : "update/update_5.9.1/application/views/frontend/default/shopping_cart_inner_view.php",
        "update_directory" : "application/views/frontend/default/shopping_cart_inner_view.php"
    },
    {
        "root_directory" : "update/update_5.9.1/application/views/frontend/default/sign_up.php",
        "update_directory" : "application/views/frontend/default/sign_up.php"
    },
    {
        "root_directory" : "update/update_5.9.1/application/views/frontend/default/update_user_photo.php",
        "update_directory" : "application/views/frontend/default/update_user_photo.php"
    },
    {
        "root_directory" : "update/update_5.9.1/application/views/frontend/default/user_credentials.php",
        "update_directory" : "application/views/frontend/default/user_credentials.php"
    },
    {
        "root_directory" : "update/update_5.9.1/application/views/frontend/default/user_profile.php",
        "update_directory" : "application/views/frontend/default/user_profile.php"
    },
    {
        "root_directory" : "update/update_5.9.1/application/views/frontend/default/verification_code.php",
        "update_directory" : "application/views/frontend/default/verification_code.php"
    },
    {
        "root_directory" : "update/update_5.9.1/application/views/frontend/default/wishlist_items.php",
        "update_directory" : "application/views/frontend/default/wishlist_items.php"
    },
    {
        "root_directory" : "update/update_5.9.1/application/views/lessons/quiz_result.php",
        "update_directory" : "application/views/lessons/quiz_result.php"
    },
    {
        "root_directory" : "update/update_5.9.1/application/views/lessons/quiz_view.php",
        "update_directory" : "application/views/lessons/quiz_view.php"
    },
    {
        "root_directory" : "update/update_5.9.1/application/views/mobile/index.php",
        "update_directory" : "application/views/mobile/index.php"
    },
    {
        "root_directory" : "update/update_5.9.1/application/views/mobile/quiz_result.php",
        "update_directory" : "application/views/mobile/quiz_result.php"
    },
    {
        "root_directory" : "update/update_5.9.1/application/views/mobile/quiz_answer_sheet.php",
        "update_directory" : "application/views/mobile/quiz_answer_sheet.php"
    },
    {
        "root_directory" : "update/update_5.9.1/application/views/mobile/quiz_view.php",
        "update_directory" : "application/views/mobile/quiz_view.php"
    },
    {
        "root_directory" : "update/update_5.9.1/application/views/payment/payment_gateway.php",
        "update_directory" : "application/views/payment/payment_gateway.php"
    },
    {
        "root_directory" : "update/update_5.9.1/assets/backend/login/bootstrap.min.css",
        "update_directory" : "assets/backend/login/bootstrap.min.css"
    },
    {
        "root_directory" : "update/update_5.9.1/assets/frontend/default/css/bootstrap.min.css",
        "update_directory" : "assets/frontend/default/css/bootstrap.min.css"
    },
    {
        "root_directory" : "update/update_5.9.1/assets/frontend/default/css/custom.css",
        "update_directory" : "assets/frontend/default/css/custom.css"
    },
    {
        "root_directory" : "update/update_5.9.1/assets/frontend/default/css/main.css",
        "update_directory" : "assets/frontend/default/css/main.css"
    },
    {
        "root_directory" : "update/update_5.9.1/assets/frontend/default/css/responsive.css",
        "update_directory" : "assets/frontend/default/css/responsive.css"
    },
    {
        "root_directory" : "update/update_5.9.1/assets/frontend/default/img/category-bg.png",
        "update_directory" : "assets/frontend/default/img/category-bg.png"
    },
    {
        "root_directory" : "update/update_5.9.1/assets/frontend/default/img/join-as-instructor.png",
        "update_directory" : "assets/frontend/default/img/join-as-instructor.png"
    },
    {
        "root_directory" : "update/update_5.9.1/assets/frontend/default/img/join-as-student.png",
        "update_directory" : "assets/frontend/default/img/join-as-student.png"
    },
    {
        "root_directory" : "update/update_5.9.1/assets/lessons/css/custom.css",
        "update_directory" : "assets/lessons/css/custom.css"
    },
    {
        "root_directory" : "update/update_5.9.1/assets/lessons/flipclock-timer/flipclock.css",
        "update_directory" : "assets/lessons/flipclock-timer/flipclock.css"
    }
  ]
}