{
  "require_version" : "5.11",
  "directory": [
    {
        "name" : "application/views/payment-global"
    }
  ],
  "sql_file": "",
  "libraries": [
    {
        "root_directory"    : "update/update_5.12/application/views/payment-global.zip",
        "update_directory"  : "application/views/payment-global.zip"
    }
  ],
  "files": [
    {
        "root_directory" : "update/update_5.12/application/config/config.php",
        "update_directory" : "application/config/config.php"
    },
    {
        "root_directory" : "update/update_5.12/application/config/autoload.php",
        "update_directory" : "application/config/autoload.php"
    },
    {
        "root_directory" : "update/update_5.12/application/controllers/Admin.php",
        "update_directory" : "application/controllers/Admin.php"
    },
    {
        "root_directory" : "update/update_5.12/application/controllers/Home.php",
        "update_directory" : "application/controllers/Home.php"
    },
    {
        "root_directory" : "update/update_5.12/application/controllers/Login.php",
        "update_directory" : "application/controllers/Login.php"
    },
    {
        "root_directory" : "update/update_5.12/application/controllers/User.php",
        "update_directory" : "application/controllers/User.php"
    },
    {
        "root_directory" : "update/update_5.12/application/helpers/multi_language_helper.php",
        "update_directory" : "application/helpers/multi_language_helper.php"
    },
    {
        "root_directory" : "update/update_5.12/application/models/Api_model.php",
        "update_directory" : "application/models/Api_model.php"
    },
    {
        "root_directory" : "update/update_5.12/application/models/Crud_model.php",
        "update_directory" : "application/models/Crud_model.php"
    },
    {
        "root_directory" : "update/update_5.12/application/models/Payment_model.php",
        "update_directory" : "application/models/Payment_model.php"
    },
    {
        "root_directory" : "update/update_5.12/application/models/Social_login_modal.php",
        "update_directory" : "application/models/Social_login_modal.php"
    },
    {
        "root_directory" : "update/update_5.12/application/models/User_model.php",
        "update_directory" : "application/models/User_model.php"
    },
    {
        "root_directory" : "update/update_5.12/application/views/backend/admin/addons.php",
        "update_directory" : "application/views/backend/admin/addons.php"
    },
    {
        "root_directory" : "update/update_5.12/application/views/backend/admin/courses-server-side.php",
        "update_directory" : "application/views/backend/admin/courses-server-side.php"
    },
    {
        "root_directory" : "update/update_5.12/application/views/backend/admin/enrol_student.php",
        "update_directory" : "application/views/backend/admin/enrol_student.php"
    },
    {
        "root_directory" : "update/update_5.12/application/views/backend/admin/instructor_add.php",
        "update_directory" : "application/views/backend/admin/instructor_add.php"
    },
    {
        "root_directory" : "update/update_5.12/application/views/backend/admin/instructor_edit.php",
        "update_directory" : "application/views/backend/admin/instructor_edit.php"
    },
    {
        "root_directory" : "update/update_5.12/application/views/backend/admin/instructor_payout.php",
        "update_directory" : "application/views/backend/admin/instructor_payout.php"
    },
    {
        "root_directory" : "update/update_5.12/application/views/backend/admin/instructors.php",
        "update_directory" : "application/views/backend/admin/instructors.php"
    },
    {
        "root_directory" : "update/update_5.12/application/views/backend/admin/payment_settings.php",
        "update_directory" : "application/views/backend/admin/payment_settings.php"
    },
    {
        "root_directory" : "update/update_5.12/application/views/backend/admin/system_settings.php",
        "update_directory" : "application/views/backend/admin/system_settings.php"
    },
    {
        "root_directory" : "update/update_5.12/application/views/backend/admin/user_add.php",
        "update_directory" : "application/views/backend/admin/user_add.php"
    },
    {
        "root_directory" : "update/update_5.12/application/views/backend/admin/user_edit.php",
        "update_directory" : "application/views/backend/admin/user_edit.php"
    },
    {
        "root_directory" : "update/update_5.12/application/views/backend/admin/users.php",
        "update_directory" : "application/views/backend/admin/users.php"
    },
    {
        "root_directory" : "update/update_5.12/application/views/backend/common_scripts.php",
        "update_directory" : "application/views/backend/common_scripts.php"
    },
    {
        "root_directory" : "update/update_5.12/application/views/backend/user/payment_settings.php",
        "update_directory" : "application/views/backend/user/payment_settings.php"
    },
    {
        "root_directory" : "update/update_5.12/application/views/frontend/default/common_scripts.php",
        "update_directory" : "application/views/frontend/default/common_scripts.php"
    },
    {
        "root_directory" : "update/update_5.12/application/views/frontend/default/course_page.php",
        "update_directory" : "application/views/frontend/default/course_page.php"
    },
    {
        "root_directory" : "update/update_5.12/application/views/frontend/default/shopping_cart.php",
        "update_directory" : "application/views/frontend/default/shopping_cart.php"
    },
    {
        "root_directory" : "update/update_5.12/application/views/frontend/default/shopping_cart_inner_view.php",
        "update_directory" : "application/views/frontend/default/shopping_cart_inner_view.php"
    },
    {
        "root_directory" : "update/update_5.12/application/views/lessons/common_scripts.php",
        "update_directory" : "application/views/lessons/common_scripts.php"
    },
    {
        "root_directory" : "update/update_5.12/application/controllers/Payment.php",
        "update_directory" : "application/controllers/Payment.php"
    },
    {
        "root_directory" : "update/update_5.12/assets/backend/js/custom.js",
        "update_directory" : "assets/backend/js/custom.js"
    }
  ]
}