{
  "require_version" : "5.10.1",
  "directory": [],
  "sql_file": "",
  "libraries": [],
  "files": [
    {
        "root_directory" : "update/update_5.11/application/controllers/Admin.php",
        "update_directory" : "application/controllers/Admin.php"
    },
    {
        "root_directory" : "update/update_5.11/application/controllers/Home.php",
        "update_directory" : "application/controllers/Home.php"
    },
    {
        "root_directory" : "update/update_5.11/application/controllers/Login.php",
        "update_directory" : "application/controllers/Login.php"
    },
    {
        "root_directory" : "update/update_5.11/application/controllers/Sign_up.php",
        "update_directory" : "application/controllers/Sign_up.php"
    },
    {
        "root_directory" : "update/update_5.11/application/controllers/User.php",
        "update_directory" : "application/controllers/User.php"
    },

    {
        "root_directory" : "update/update_5.11/application/controllers/Data_center.php",
        "update_directory" : "application/controllers/Data_center.php"
    },
    {
        "root_directory" : "update/update_5.11/application/helpers/common_helper.php",
        "update_directory" : "application/helpers/common_helper.php"
    },
    {
        "root_directory" : "update/update_5.11/application/helpers/multi_language_helper.php",
        "update_directory" : "application/helpers/multi_language_helper.php"
    },
    {
        "root_directory" : "update/update_5.11/application/models/Crud_model.php",
        "update_directory" : "application/models/Crud_model.php"
    },
    {
        "root_directory" : "update/update_5.11/application/views/backend/admin/addons.php",
        "update_directory" : "application/views/backend/admin/addons.php"
    },
    {
        "root_directory" : "update/update_5.11/application/views/backend/admin/course_add.php",
        "update_directory" : "application/views/backend/admin/course_add.php"
    },
    {
        "root_directory" : "update/update_5.11/application/views/backend/admin/course_edit.php",
        "update_directory" : "application/views/backend/admin/course_edit.php"
    },
    {
        "root_directory" : "update/update_5.11/application/views/backend/admin/courses-server-side.php",
        "update_directory" : "application/views/backend/admin/courses-server-side.php"
    },
    {
        "root_directory" : "update/update_5.11/application/views/backend/admin/navigation.php",
        "update_directory" : "application/views/backend/admin/navigation.php"
    },
    {
        "root_directory" : "update/update_5.11/application/views/backend/admin/available_addons.php",
        "update_directory" : "application/views/backend/admin/available_addons.php"
    },
    {
        "root_directory" : "update/update_5.11/application/views/backend/admin/data_center.php",
        "update_directory" : "application/views/backend/admin/data_center.php"
    },
    {
        "root_directory" : "update/update_5.11/application/views/backend/modal.php",
        "update_directory" : "application/views/backend/modal.php"
    },
    {
        "root_directory" : "update/update_5.11/application/views/backend/header.php",
        "update_directory" : "application/views/backend/header.php"
    },
    {
        "root_directory" : "update/update_5.11/application/views/backend/user/course_add.php",
        "update_directory" : "application/views/backend/user/course_add.php"
    },
    {
        "root_directory" : "update/update_5.11/application/views/backend/user/course_edit.php",
        "update_directory" : "application/views/backend/user/course_edit.php"
    },
    {
        "root_directory" : "update/update_5.11/application/views/frontend/default/course_page.php",
        "update_directory" : "application/views/frontend/default/course_page.php"
    },
    {
        "root_directory" : "update/update_5.11/application/views/frontend/default/courses_page.php",
        "update_directory" : "application/views/frontend/default/courses_page.php"
    },
    {
        "root_directory" : "update/update_5.11/application/views/frontend/default/login.php",
        "update_directory" : "application/views/frontend/default/login.php"
    },
    {
        "root_directory" : "update/update_5.11/assets/frontend/default/css/main.css",
        "update_directory" : "assets/frontend/default/css/main.css"
    }
  ]
}