{
  "require_version" : "5.9.1",
  "directory": [
    {
        "name" : "uploads/lesson_files/captions"
    }
  ],
  "sql_file": "",
  "libraries": [],
  "files": [
    {
        "root_directory" : "update/update_5.10/application/config/autoload.php",
        "update_directory" : "application/config/autoload.php"
    },
    {
        "root_directory" : "update/update_5.10/application/controllers/Admin.php",
        "update_directory" : "application/controllers/Admin.php"
    },
    {
        "root_directory" : "update/update_5.10/application/controllers/Home.php",
        "update_directory" : "application/controllers/Home.php"
    },
    {
        "root_directory" : "update/update_5.10/application/controllers/Page.php",
        "update_directory" : "application/controllers/Page.php"
    },
    {
        "root_directory" : "update/update_5.10/application/controllers/User.php",
        "update_directory" : "application/controllers/User.php"
    },
    {
        "root_directory" : "update/update_5.10/application/models/Academy_cloud_model.php",
        "update_directory" : "application/models/Academy_cloud_model.php"
    },
    {
        "root_directory" : "update/update_5.10/application/models/Crud_model.php",
        "update_directory" : "application/models/Crud_model.php"
    },
    {
        "root_directory" : "update/update_5.10/application/models/Payment_model.php",
        "update_directory" : "application/models/Payment_model.php"
    },
    {
        "root_directory" : "update/update_5.10/application/models/Social_login_modal.php",
        "update_directory" : "application/models/Social_login_modal.php"
    },
    {
        "root_directory" : "update/update_5.10/application/models/User_model.php",
        "update_directory" : "application/models/User_model.php"
    },
    {
        "root_directory" : "update/update_5.10/application/views/backend/admin/academy_cloud.php",
        "update_directory" : "application/views/backend/admin/academy_cloud.php"
    },
    {
        "root_directory" : "update/update_5.10/application/views/backend/admin/academy_cloud_type_lesson_add.php",
        "update_directory" : "application/views/backend/admin/academy_cloud_type_lesson_add.php"
    },
    {
        "root_directory" : "update/update_5.10/application/views/backend/admin/academy_cloud_type_lesson_edit.php",
        "update_directory" : "application/views/backend/admin/academy_cloud_type_lesson_edit.php"
    },
    {
        "root_directory" : "update/update_5.10/application/views/backend/admin/admin_permission.php",
        "update_directory" : "application/views/backend/admin/admin_permission.php"
    },
    {
        "root_directory" : "update/update_5.10/application/views/backend/admin/curriculum.php",
        "update_directory" : "application/views/backend/admin/curriculum.php"
    },
    {
        "root_directory" : "update/update_5.10/application/views/backend/admin/enrol_student.php",
        "update_directory" : "application/views/backend/admin/enrol_student.php"
    },
    {
        "root_directory" : "update/update_5.10/application/views/backend/admin/html5_type_lesson_add.php",
        "update_directory" : "application/views/backend/admin/html5_type_lesson_add.php"
    },
    {
        "root_directory" : "update/update_5.10/application/views/backend/admin/html5_type_lesson_edit.php",
        "update_directory" : "application/views/backend/admin/html5_type_lesson_edit.php"
    },
    {
        "root_directory" : "update/update_5.10/application/views/backend/admin/lesson_add.php",
        "update_directory" : "application/views/backend/admin/lesson_add.php"
    },
    {
        "root_directory" : "update/update_5.10/application/views/backend/admin/lesson_edit.php",
        "update_directory" : "application/views/backend/admin/lesson_edit.php"
    },
    {
        "root_directory" : "update/update_5.10/application/views/backend/admin/lesson_types.php",
        "update_directory" : "application/views/backend/admin/lesson_types.php"
    },
    {
        "root_directory" : "update/update_5.10/application/views/backend/admin/navigation.php",
        "update_directory" : "application/views/backend/admin/navigation.php"
    },
    {
        "root_directory" : "update/update_5.10/application/views/backend/admin/purchase_history.php",
        "update_directory" : "application/views/backend/admin/purchase_history.php"
    },
    {
        "root_directory" : "update/update_5.10/application/views/backend/admin/quiz_add.php",
        "update_directory" : "application/views/backend/admin/quiz_add.php"
    },
    {
        "root_directory" : "update/update_5.10/application/views/backend/admin/quiz_edit.php",
        "update_directory" : "application/views/backend/admin/quiz_edit.php"
    },
    {
        "root_directory" : "update/update_5.10/application/views/backend/admin/system_settings.php",
        "update_directory" : "application/views/backend/admin/system_settings.php"
    },
    {
        "root_directory" : "update/update_5.10/application/views/backend/admin/theme_settings.php",
        "update_directory" : "application/views/backend/admin/theme_settings.php"
    },
    {
        "root_directory" : "update/update_5.10/application/views/backend/admin/video_type_lesson_add.php",
        "update_directory" : "application/views/backend/admin/video_type_lesson_add.php"
    },
    {
        "root_directory" : "update/update_5.10/application/views/backend/admin/video_type_lesson_edit.php",
        "update_directory" : "application/views/backend/admin/video_type_lesson_edit.php"
    },
    {
        "root_directory" : "update/update_5.10/application/views/backend/admin/vimeo_type_lesson_add.php",
        "update_directory" : "application/views/backend/admin/vimeo_type_lesson_add.php"
    },
    {
        "root_directory" : "update/update_5.10/application/views/backend/admin/youtube_type_lesson_add.php",
        "update_directory" : "application/views/backend/admin/youtube_type_lesson_add.php"
    },
    {
        "root_directory" : "update/update_5.10/application/views/backend/modal.php",
        "update_directory" : "application/views/backend/modal.php"
    },
    {
        "root_directory" : "update/update_5.10/application/views/backend/user/academy_cloud_type_lesson_add.php",
        "update_directory" : "application/views/backend/user/academy_cloud_type_lesson_add.php"
    },
    {
        "root_directory" : "update/update_5.10/application/views/backend/user/academy_cloud_type_lesson_edit.php",
        "update_directory" : "application/views/backend/user/academy_cloud_type_lesson_edit.php"
    },
    {
        "root_directory" : "update/update_5.10/application/views/backend/user/curriculum.php",
        "update_directory" : "application/views/backend/user/curriculum.php"
    },
    {
        "root_directory" : "update/update_5.10/application/views/backend/user/html5_type_lesson_add.php",
        "update_directory" : "application/views/backend/user/html5_type_lesson_add.php"
    },
    {
        "root_directory" : "update/update_5.10/application/views/backend/user/html5_type_lesson_edit.php",
        "update_directory" : "application/views/backend/user/html5_type_lesson_edit.php"
    },
    {
        "root_directory" : "update/update_5.10/application/views/backend/user/lesson_add.php",
        "update_directory" : "application/views/backend/user/lesson_add.php"
    },
    {
        "root_directory" : "update/update_5.10/application/views/backend/user/lesson_edit.php",
        "update_directory" : "application/views/backend/user/lesson_edit.php"
    },
    {
        "root_directory" : "update/update_5.10/application/views/backend/user/lesson_types.php",
        "update_directory" : "application/views/backend/user/lesson_types.php"
    },
    {
        "root_directory" : "update/update_5.10/application/views/backend/user/quiz_add.php",
        "update_directory" : "application/views/backend/user/quiz_add.php"
    },
    {
        "root_directory" : "update/update_5.10/application/views/backend/user/quiz_edit.php",
        "update_directory" : "application/views/backend/user/quiz_edit.php"
    },
    {
        "root_directory" : "update/update_5.10/application/views/backend/user/video_type_lesson_add.php",
        "update_directory" : "application/views/backend/user/video_type_lesson_add.php"
    },
    {
        "root_directory" : "update/update_5.10/application/views/backend/user/video_type_lesson_edit.php",
        "update_directory" : "application/views/backend/user/video_type_lesson_edit.php"
    },
    {
        "root_directory" : "update/update_5.10/application/views/backend/user/vimeo_type_lesson_add.php",
        "update_directory" : "application/views/backend/user/vimeo_type_lesson_add.php"
    },
    {
        "root_directory" : "update/update_5.10/application/views/backend/user/youtube_type_lesson_add.php",
        "update_directory" : "application/views/backend/user/youtube_type_lesson_add.php"
    },
    {
        "root_directory" : "update/update_5.10/application/views/frontend/default/course_page.php",
        "update_directory" : "application/views/frontend/default/course_page.php"
    },
    {
        "root_directory" : "update/update_5.10/application/views/frontend/default/custom_page_viewer.php",
        "update_directory" : "application/views/frontend/default/custom_page_viewer.php"
    },
    {
        "root_directory" : "update/update_5.10/application/views/frontend/default/footer.php",
        "update_directory" : "application/views/frontend/default/footer.php"
    },
    {
        "root_directory" : "update/update_5.10/application/views/frontend/default/live_class_scadule.php",
        "update_directory" : "application/views/frontend/default/live_class_scadule.php"
    },
    {
        "root_directory" : "update/update_5.10/application/views/frontend/default/home.php",
        "update_directory" : "application/views/frontend/default/home.php"
    },
    {
        "root_directory" : "update/update_5.10/application/views/frontend/default/preview_free_lesson.php",
        "update_directory" : "application/views/frontend/default/preview_free_lesson.php"
    },
    {
        "root_directory" : "update/update_5.10/application/views/frontend/default/reload_my_courses.php",
        "update_directory" : "application/views/frontend/default/reload_my_courses.php"
    },
    {
        "root_directory" : "update/update_5.10/application/views/frontend/default/shopping_cart_inner_view.php",
        "update_directory" : "application/views/frontend/default/shopping_cart_inner_view.php"
    },
    {
        "root_directory" : "update/update_5.10/application/views/lessons/common_scripts.php",
        "update_directory" : "application/views/lessons/common_scripts.php"
    },
    {
        "root_directory" : "update/update_5.10/application/views/lessons/course_content_sidebar.php",
        "update_directory" : "application/views/lessons/course_content_sidebar.php"
    },
    {
        "root_directory" : "update/update_5.10/application/views/lessons/general_course_content_body.php",
        "update_directory" : "application/views/lessons/general_course_content_body.php"
    },
    {
        "root_directory" : "update/update_5.10/application/views/lessons/quiz_view.php",
        "update_directory" : "application/views/lessons/quiz_view.php"
    },
    {
        "root_directory" : "update/update_5.10/assets/frontend/default/css/custom.css",
        "update_directory" : "assets/frontend/default/css/custom.css"
    },
    {
        "root_directory" : "update/update_5.10/assets/frontend/default/css/main.css",
        "update_directory" : "assets/frontend/default/css/main.css"
    }
  ]
}